Country,Region,Happiness Rank,Happiness Score,Standard Error,Economy (GDP per Capita),Family,Health (Life Expectancy),Freedom,Trust (Government Corruption),Generosity,Country,Happiness.Rank_17,Happiness.Score_17,Family_17,Health..Life.Expectancy._17,Freedom_17,Economy..GDP.per.Capita._17
Afghanistan,Southern Asia,153,3.575,0.03084,0.31982,0.30285,0.30335,0.23414,0.09719,0.3651,Afghanistan,141,3.79399991,0.581543326,0.180746779,0.10617952,0.401477218
Albania,Central and Eastern Europe,95,4.959,0.05013,0.87867,0.80434,0.81325,0.35733,0.06413,0.14272,Albania,109,4.644000053,0.803685248,0.731159747,0.381498635,0.996192753
Algeria,Middle East and Northern Africa,68,5.605,0.05099,0.93929,1.07772,0.61766,0.28579,0.17383,0.07822,Algeria,53,5.872000217,1.146217465,0.617584646,0.233335808,1.091864467
Angola,Sub-Saharan Africa,137,4.033,0.04758,0.75778,0.8604,0.16683,0.10384,0.07122,0.12344,Angola,140,3.795000076,1.10441196,0.049868666,0,0.85842818
Argentina,Latin America and Caribbean,30,6.574,0.04612,1.05351,1.24823,0.78723,0.44974,0.08484,0.11451,Argentina,24,6.598999977,1.440451145,0.695137084,0.494519204,1.185295463
Armenia,Central and Eastern Europe,127,4.35,0.04763,0.76821,0.77711,0.7299,0.19847,0.039,0.07855,Armenia,121,4.375999928,1.007483721,0.637524426,0.198303267,0.900596738
Australia,Australia and New Zealand,10,7.284,0.04083,1.33358,1.30923,0.93156,0.65124,0.35637,0.43562,Australia,10,7.28399992,1.510041952,0.843886793,0.601607382,1.484414935
Austria,Western Europe,13,7.2,0.03751,1.33723,1.29704,0.89042,0.62433,0.18676,0.33088,Austria,13,7.006000042,1.459944963,0.815328419,0.56776619,1.487097263
Azerbaijan,Central and Eastern Europe,80,5.212,0.03363,1.02389,0.93793,0.64045,0.3703,0.16065,0.07799,Azerbaijan,85,5.234000206,1.152400255,0.540775776,0.398155838,1.153601766
Bahrain,Middle East and Northern Africa,49,5.96,0.05412,1.32376,1.21624,0.74716,0.45492,0.306,0.17362,Bahrain,41,6.086999893,1.323110461,0.653133035,0.536746919,1.488412261
Bangladesh,Southern Asia,109,4.694,0.03077,0.39753,0.43106,0.60164,0.4082,0.12569,0.21222,Bangladesh,110,4.607999802,0.735131741,0.533241034,0.478356659,0.586682975
Belarus,Central and Eastern Europe,59,5.813,0.03938,1.03192,1.23289,0.73608,0.37938,0.1909,0.11046,Belarus,67,5.568999767,1.444945216,0.637714267,0.295400262,1.15655756
Belgium,Western Europe,19,6.937,0.03595,1.30782,1.28566,0.89667,0.5845,0.2254,0.2225,Belgium,17,6.890999794,1.462312698,0.818091869,0.539770722,1.463780761
Benin,Sub-Saharan Africa,155,3.34,0.03656,0.28665,0.35386,0.3191,0.4845,0.0801,0.1826,Benin,143,3.657000065,0.435299844,0.209930211,0.425962776,0.431085408
Bhutan,Southern Asia,79,5.253,0.03225,0.77042,1.10395,0.57407,0.53206,0.15445,0.47998,Bhutan,97,5.011000156,1.340126514,0.495879292,0.501537681,0.885416389
Bolivia,Latin America and Caribbean,51,5.89,0.05642,0.68133,0.97841,0.5392,0.57414,0.088,0.20536,Bolivia,58,5.822999954,1.227619052,0.47363025,0.558732927,0.833756566
Bosnia and Herzegovina,Central and Eastern Europe,96,4.949,0.06913,0.83223,0.91916,0.79081,0.09245,0.00227,0.24808,Bosnia and Herzegovina,90,5.18200016,1.069335938,0.705186307,0.204403177,0.982409418
Botswana,Sub-Saharan Africa,128,4.332,0.04934,0.99355,1.10464,0.04776,0.49495,0.12474,0.10461,Botswana,142,3.766000032,1.221554995,0.341755509,0.505196333,1.122094154
Brazil,Latin America and Caribbean,16,6.983,0.04076,0.98124,1.23287,0.69702,0.49049,0.17521,0.14574,Brazil,22,6.635000229,1.431306005,0.616552353,0.437453747,1.10735321
Bulgaria,Central and Eastern Europe,134,4.218,0.04828,1.01216,1.10614,0.76649,0.30587,0.00872,0.11921,Bulgaria,105,4.714000225,1.434379458,0.70821768,0.289231718,1.161459088
Burkina Faso,Sub-Saharan Africa,152,3.587,0.04324,0.25812,0.85188,0.27125,0.39493,0.12832,0.21747,Burkina Faso,134,4.032000065,1.043280005,0.215844259,0.324367851,0.350227714
Burundi,Sub-Saharan Africa,157,2.905,0.08658,0.0153,0.41587,0.22396,0.1185,0.10062,0.19727,Burundi,154,2.904999971,0.629793584,0.151610792,0.059900753,0.091622569
Cambodia,Southeastern Asia,145,3.819,0.05069,0.46038,0.62736,0.61114,0.66246,0.07247,0.40359,Cambodia,129,4.168000221,1.006238341,0.429783404,0.633375823,0.601765096
Cameroon,Sub-Saharan Africa,133,4.252,0.04678,0.4225,0.88767,0.23402,0.49309,0.05786,0.20618,Cameroon,107,4.695000172,0.946018219,0.132892117,0.430388749,0.564305365
Canada,North America,5,7.427,0.03553,1.32629,1.32261,0.90563,0.63297,0.32957,0.45811,Canada,7,7.315999985,1.481348991,0.834557652,0.611100912,1.479204416
Central African Republic,Sub-Saharan Africa,148,3.678,0.06112,0.0785,0,0.06699,0.48879,0.08289,0.23835,Central African Republic,155,2.693000078,0,0.018772686,0.270842046,0
Chad,Sub-Saharan Africa,149,3.667,0.0383,0.34193,0.76062,0.1501,0.23501,0.05269,0.18386,Chad,137,3.936000109,0.953855872,0.041134715,0.162342027,0.438012987
Chile,Latin America and Caribbean,27,6.67,0.058,1.10715,1.12447,0.85857,0.44132,0.12869,0.33363,Chile,20,6.65199995,1.284024954,0.819479704,0.376895279,1.25278461
China,Eastern Asia,84,5.14,0.02424,0.89012,0.94675,0.81658,0.51697,0.02781,0.08185,China,79,5.272999763,1.160837412,0.741415501,0.472787708,1.081165791
Colombia,Latin America and Caribbean,33,6.477,0.05051,0.91861,1.24018,0.69077,0.53466,0.0512,0.18401,Colombia,36,6.356999874,1.402182937,0.595027924,0.477487415,1.070622325
Congo (Brazzaville),Sub-Saharan Africa,139,3.989,0.06682,0.67866,0.6629,0.31051,0.41466,0.11686,0.12388,Congo (Brazzaville),124,4.290999889,0.832044363,0.289957434,0.435025871,0.808964252
Congo (Kinshasa),Sub-Saharan Africa,120,4.517,0.0368,0,1.0012,0.09806,0.22605,0.07625,0.24834,Congo (Kinshasa),126,4.28000021,1.229023457,0.191407025,0.235961348,0.092102349
Costa Rica,Latin America and Caribbean,12,7.226,0.04454,0.95578,1.23788,0.86027,0.63376,0.10583,0.25497,Costa Rica,12,7.078999996,1.416403651,0.759509265,0.58013165,1.109706283
Croatia,Central and Eastern Europe,62,5.759,0.04394,1.08254,0.79624,0.78805,0.25883,0.0243,0.05444,Croatia,77,5.293000221,0.967983007,0.701288521,0.255772293,1.222556233
Cyprus,Western Europe,67,5.689,0.0558,1.20813,0.89318,0.92356,0.40672,0.06146,0.30638,Cyprus,65,5.620999813,1.131363273,0.844714701,0.355111539,1.355938077
Czech Republic,Central and Eastern Europe,31,6.505,0.04168,1.17898,1.20643,0.84483,0.46364,0.02652,0.10686,Czech Republic,23,6.609000206,1.433885217,0.754444003,0.490946174,1.352682352
Denmark,Western Europe,3,7.527,0.03328,1.32548,1.36058,0.87464,0.64938,0.48357,0.34139,Denmark,2,7.521999836,1.551121593,0.792565525,0.626006722,1.482383013
Dominican Republic,Latin America and Caribbean,98,4.885,0.07446,0.89537,1.17202,0.66825,0.57672,0.14234,0.21684,Dominican Republic,86,5.230000019,1.402416706,0.574873745,0.552589834,1.079373837
Ecuador,Latin America and Caribbean,48,5.975,0.04528,0.86402,0.99903,0.79075,0.48574,0.1809,0.11541,Ecuador,44,6.007999897,1.286168814,0.685636222,0.455198199,1.000820398
Egypt,Middle East and Northern Africa,135,4.194,0.0326,0.8818,0.747,0.61712,0.17288,0.06324,0.11291,Egypt,104,4.735000134,0.997471392,0.520187259,0.282110155,0.989701807
El Salvador,Latin America and Caribbean,42,6.13,0.05618,0.76454,1.02507,0.67737,0.4035,0.11776,0.10692,El Salvador,45,6.002999783,1.182125092,0.596018553,0.43245253,0.909784496
Estonia,Central and Eastern Europe,73,5.429,0.04013,1.15174,1.22791,0.77361,0.44888,0.15184,0.0868,Estonia,66,5.611000061,1.4766711,0.695168316,0.47913143,1.32087934
Ethiopia,Sub-Saharan Africa,122,4.512,0.0378,0.19073,0.60406,0.44055,0.4345,0.15048,0.24325,Ethiopia,119,4.460000038,0.864669204,0.353409708,0.408842742,0.339233845
Finland,Western Europe,6,7.406,0.0314,1.29025,1.31826,0.88911,0.64169,0.41372,0.23351,Finland,5,7.468999863,1.540246725,0.80915767,0.617950857,1.443571925
France,Western Europe,29,6.575,0.03512,1.27778,1.26038,0.94579,0.55011,0.20646,0.12332,France,31,6.441999912,1.387776852,0.844465852,0.470222116,1.430923462
Gabon,Sub-Saharan Africa,143,3.896,0.04547,1.06024,0.90528,0.43372,0.31914,0.11091,0.06822,Gabon,118,4.465000153,1.155620217,0.356578588,0.312328577,1.198210239
Georgia,Central and Eastern Europe,130,4.297,0.04221,0.7419,0.38562,0.72926,0.40577,0.38331,0.05547,Georgia,125,4.285999775,0.570614934,0.649546981,0.309410036,0.950612664
Germany,Western Europe,26,6.75,0.01848,1.32792,1.29937,0.89186,0.61477,0.21843,0.28214,Germany,16,6.951000214,1.472520351,0.798950732,0.562511384,1.487923384
Ghana,Sub-Saharan Africa,114,4.633,0.04742,0.54558,0.67954,0.40132,0.42342,0.04355,0.23087,Ghana,131,4.119999886,0.873664737,0.295637727,0.423026294,0.667224824
Greece,Western Europe,102,4.857,0.05062,1.15406,0.92933,0.88213,0.07699,0.01397,0,Greece,87,5.227000237,1.239414573,0.810198903,0.095731251,1.289487481
Guatemala,Latin America and Caribbean,43,6.123,0.05224,0.74553,1.04356,0.64425,0.57733,0.09472,0.27489,Guatemala,29,6.453999996,1.255585194,0.54023999,0.531310618,0.872001946
Guinea,Sub-Saharan Africa,150,3.656,0.0359,0.17417,0.46475,0.24009,0.37725,0.12139,0.28657,Guinea,149,3.506999969,0.791244686,0.194129139,0.348587513,0.24454993
Haiti,Latin America and Caribbean,119,4.518,0.07331,0.26673,0.74302,0.38847,0.24425,0.17175,0.46187,Haiti,145,3.602999926,0.640449822,0.27732113,0.030369857,0.368610263
Honduras,Latin America and Caribbean,105,4.788,0.05648,0.59532,0.95348,0.6951,0.40148,0.06825,0.23027,Honduras,91,5.181000233,1.143944979,0.58256948,0.34807986,0.730573118
Hong Kong,Eastern Asia,72,5.474,0.05051,1.38604,1.05818,1.01328,0.59608,0.37124,0.39478,Hong Kong,71,5.472000122,1.262790918,0.943062425,0.490968645,1.551674843
Hungary,Central and Eastern Europe,104,4.8,0.06107,1.12094,1.20215,0.75905,0.32112,0.02758,0.128,Hungary,75,5.323999882,1.343133092,0.687763453,0.175863519,1.286011934
Iceland,Western Europe,2,7.561,0.04884,1.30232,1.40223,0.94784,0.62877,0.14145,0.4363,Iceland,3,7.504000187,1.610574007,0.833552122,0.627162635,1.48063302
India,Southern Asia,117,4.565,0.02043,0.64499,0.38174,0.51529,0.39786,0.08492,0.26475,India,122,4.315000057,0.754372597,0.455427617,0.469987005,0.792221248
Indonesia,Southeastern Asia,74,5.399,0.02596,0.82827,1.08708,0.63793,0.46611,0,0.51535,Indonesia,81,5.262000084,1.274444699,0.492345721,0.443323463,0.995538592
Iran,Middle East and Northern Africa,110,4.686,0.04449,1.0088,0.54447,0.69805,0.30033,0.05863,0.38086,Iran,108,4.691999912,0.711551249,0.639333189,0.249322608,1.156873107
Iraq,Middle East and Northern Africa,112,4.677,0.05232,0.98549,0.81889,0.60237,0,0.13788,0.17922,Iraq,117,4.497000217,0.978613198,0.50118047,0.288555533,1.102710485
Ireland,Western Europe,18,6.94,0.03676,1.33596,1.36948,0.89533,0.61777,0.28703,0.45901,Ireland,15,6.977000237,1.558231115,0.809782624,0.573110342,1.535706639
Israel,Middle East and Northern Africa,11,7.278,0.0347,1.22857,1.22393,0.91387,0.41319,0.07785,0.33172,Israel,11,7.212999821,1.376289964,0.838404,0.405988604,1.375382423
Italy,Western Europe,50,5.948,0.03914,1.25114,1.19777,0.95446,0.26236,0.02901,0.22823,Italy,48,5.964000225,1.444923282,0.853144348,0.256450713,1.395066619
Ivory Coast,Sub-Saharan Africa,151,3.655,0.05141,0.46534,0.77115,0.15185,0.46866,0.17922,0.20165,Ivory Coast,128,4.179999828,0.90478003,0.04864217,0.447706193,0.603048921
Jamaica,Latin America and Caribbean,65,5.709,0.13693,0.81038,1.15102,0.68741,0.50442,0.02299,0.2123,Jamaica,76,5.31099987,1.368218064,0.641022384,0.474307239,0.925579309
Japan,Eastern Asia,46,5.987,0.03581,1.27074,1.25712,0.99111,0.49615,0.1806,0.10705,Japan,51,5.920000076,1.436337829,0.913475871,0.505625546,1.416915178
Jordan,Middle East and Northern Africa,82,5.192,0.04524,0.90198,1.05392,0.69639,0.40661,0.14293,0.11053,Jordan,74,5.335999966,1.239088893,0.604590058,0.418421149,0.991012394
Kazakhstan,Central and Eastern Europe,54,5.855,0.04114,1.12254,1.12241,0.64368,0.51649,0.08454,0.11827,Kazakhstan,60,5.818999767,1.384369016,0.606041551,0.437454283,1.28455627
Kenya,Sub-Saharan Africa,125,4.419,0.04734,0.36471,0.99876,0.41435,0.42215,0.05839,0.37542,Kenya,112,4.552999973,1.067950726,0.30998835,0.452763766,0.560479462
Kosovo,Central and Eastern Europe,69,5.589,0.05018,0.80148,0.81198,0.63132,0.24749,0.04741,0.2831,Kosovo,78,5.278999805,1.137853503,0.54145205,0.260287941,0.951484382
Kuwait,Middle East and Northern Africa,39,6.295,0.04456,1.55422,1.16594,0.72492,0.55499,0.25609,0.16228,Kuwait,39,6.105000019,1.259698749,0.632105708,0.496337593,1.632952452
Kyrgyzstan,Central and Eastern Europe,77,5.286,0.03823,0.47428,1.15115,0.65088,0.43477,0.04232,0.3003,Kyrgyzstan,98,5.004000187,1.394238591,0.553457797,0.454943389,0.596220076
Latvia,Central and Eastern Europe,89,5.098,0.0464,1.11312,1.09562,0.72437,0.29671,0.06332,0.18226,Latvia,54,5.849999905,1.404714942,0.638566971,0.325707912,1.260748625
Lebanon,Middle East and Northern Africa,103,4.839,0.04337,1.02564,0.80001,0.83947,0.33916,0.04582,0.21854,Lebanon,88,5.224999905,1.129624248,0.735081077,0.288515985,1.074987531
Lesotho,Sub-Saharan Africa,97,4.898,0.09438,0.37545,1.04103,0.07612,0.31767,0.12504,0.16388,Lesotho,139,3.808000088,1.190095186,0,0.390661299,0.521021247
Liberia,Sub-Saharan Africa,116,4.571,0.11068,0.0712,0.78968,0.34201,0.28531,0.06232,0.24362,Liberia,148,3.532999992,0.872117937,0.229918197,0.332881182,0.119041793
Libya,Middle East and Northern Africa,63,5.754,0.07832,1.13145,1.11862,0.7038,0.41668,0.11023,0.18295,Libya,68,5.525000095,1.35756433,0.52016902,0.46573323,1.101803064
Lithuania,Central and Eastern Europe,56,5.833,0.03843,1.14723,1.25745,0.73128,0.21342,0.01031,0.02641,Lithuania,52,5.90199995,1.473516107,0.62894994,0.234231785,1.314582348
Luxembourg,Western Europe,17,6.946,0.03499,1.56391,1.21963,0.91894,0.61583,0.37798,0.28034,Luxembourg,18,6.862999916,1.457583666,0.845089495,0.596627891,1.741943598
Macedonia,Central and Eastern Europe,93,5.007,0.05376,0.91851,1.00232,0.73545,0.33457,0.05327,0.22359,Macedonia,92,5.175000191,1.207893014,0.644948184,0.325905979,1.064577937
Madagascar,Sub-Saharan Africa,147,3.681,0.03633,0.20824,0.66801,0.46721,0.19184,0.08124,0.21333,Madagascar,144,3.644000053,0.913020372,0.375223309,0.189196765,0.305808693
Malawi,Sub-Saharan Africa,131,4.292,0.0613,0.01604,0.41134,0.22562,0.43054,0.06977,0.33128,Malawi,136,3.970000029,0.512568831,0.315089583,0.466914654,0.233442038
Malaysia,Southeastern Asia,61,5.77,0.0433,1.12486,1.07023,0.72394,0.53024,0.10501,0.33075,Malaysia,42,6.084000111,1.284646034,0.618784428,0.402264982,1.29121542
Mali,Sub-Saharan Africa,138,3.995,0.05602,0.26074,1.03526,0.20583,0.38857,0.12352,0.18798,Mali,127,4.190000057,1.281473398,0.169365674,0.306613743,0.476180494
Malta,Western Europe,37,6.302,0.04206,1.2074,1.30203,0.88721,0.60365,0.13586,0.51752,Malta,27,6.52699995,1.488411665,0.821944237,0.588767052,1.343279839
Mauritania,Sub-Saharan Africa,124,4.436,0.03947,0.45407,0.86908,0.35874,0.24232,0.17461,0.219,Mauritania,123,4.291999817,1.27203083,0.28534928,0.096098043,0.648457289
Mauritius,Sub-Saharan Africa,71,5.477,0.07197,1.00761,0.98521,0.7095,0.56066,0.07521,0.37744,Mauritius,64,5.629000187,1.20956099,0.638007462,0.491247326,1.189395547
Mexico,Latin America and Caribbean,14,7.187,0.04176,1.02054,0.91451,0.81444,0.48181,0.21312,0.14074,Mexico,25,6.578000069,1.21086216,0.709978998,0.412730008,1.153183818
Moldova,Central and Eastern Europe,52,5.889,0.03799,0.59448,1.01528,0.61826,0.32818,0.01615,0.20951,Moldova,56,5.837999821,1.251825571,0.589465201,0.240729049,0.72887063
Mongolia,Eastern Asia,100,4.874,0.03313,0.82819,1.3006,0.60268,0.43626,0.02666,0.3323,Mongolia,100,4.954999924,1.493011236,0.557783484,0.394143969,1.027235866
Montenegro,Central and Eastern Europe,82,5.192,0.05235,0.97438,0.90557,0.72521,0.1826,0.14296,0.1614,Montenegro,83,5.236999989,1.238376498,0.667464674,0.194989055,1.121129036
Morocco,Middle East and Northern Africa,92,5.013,0.0342,0.73479,0.64095,0.60954,0.41691,0.08546,0.07172,Morocco,84,5.235000134,0.774864435,0.597710669,0.408158332,0.878114581
Mozambique,Sub-Saharan Africa,94,4.971,0.07896,0.08308,1.02626,0.09131,0.34037,0.15603,0.22269,Mozambique,113,4.550000191,0.870701015,0.106654435,0.480791092,0.23430565
Myanmar,Southeastern Asia,129,4.307,0.04351,0.27108,0.70905,0.48246,0.44017,0.19034,0.79588,Myanmar,114,4.545000076,1.123235941,0.397522569,0.514492035,0.36711055
Nepal,Southern Asia,121,4.514,0.03607,0.35997,0.86449,0.56874,0.38282,0.05907,0.32296,Nepal,99,4.961999893,1.179283261,0.504130781,0.440305948,0.479820192
Netherlands,Western Europe,7,7.378,0.02799,1.32944,1.28017,0.89284,0.61576,0.31814,0.4761,Netherlands,6,7.376999855,1.428939223,0.810696125,0.585384488,1.503944635
New Zealand,Australia and New Zealand,9,7.286,0.03371,1.25018,1.31967,0.90837,0.63938,0.42922,0.47501,New Zealand,8,7.31400013,1.548195124,0.816759706,0.61406213,1.405706048
Nicaragua,Latin America and Caribbean,57,5.828,0.05371,0.59325,1.14184,0.74314,0.55475,0.19317,0.27815,Nicaragua,43,6.071000099,1.28721571,0.653095961,0.447551847,0.737299204
Niger,Sub-Saharan Africa,144,3.845,0.03602,0.0694,0.77265,0.29707,0.47692,0.15639,0.19387,Niger,135,4.027999878,0.993025005,0.268505007,0.363658696,0.161925331
Nigeria,Sub-Saharan Africa,78,5.268,0.04192,0.65435,0.90432,0.16007,0.34334,0.0403,0.27233,Nigeria,95,5.073999882,1.215770483,0.05691573,0.394952565,0.783756256
North Cyprus,Western Europe,66,5.695,0.05635,1.20806,1.07008,0.92356,0.49027,0.1428,0.26169,North Cyprus,61,5.809999943,1.186303377,0.834647238,0.471203625,1.346911311
Norway,Western Europe,4,7.522,0.0388,1.459,1.33095,0.88521,0.66973,0.36503,0.34699,Norway,1,7.537000179,1.53352356,0.796666503,0.635422587,1.616463184
Pakistan,Southern Asia,81,5.194,0.03726,0.59543,0.41411,0.51466,0.12102,0.10464,0.33671,Pakistan,80,5.269000053,0.67269069,0.402047783,0.235215262,0.726883531
Palestinian Territories,Middle East and Northern Africa,108,4.715,0.04394,0.59867,0.92558,0.66015,0.24499,0.12905,0.11251,Palestinian Territories,103,4.775000095,1.155647159,0.565666974,0.254711062,0.716249228
Panama,Latin America and Caribbean,25,6.786,0.0491,1.06353,1.1985,0.79661,0.5421,0.0927,0.24434,Panama,30,6.452000141,1.373192549,0.706156135,0.550026834,1.233748436
Paraguay,Latin America and Caribbean,53,5.878,0.04563,0.75985,1.30477,0.66098,0.53899,0.08242,0.3424,Paraguay,70,5.493000031,1.50728488,0.579250693,0.473507792,0.932537317
Peru,Latin America and Caribbean,58,5.824,0.04615,0.90019,0.97459,0.73017,0.41496,0.05989,0.14982,Peru,63,5.715000153,1.218770385,0.630166113,0.450002879,1.035225272
Philippines,Southeastern Asia,90,5.073,0.04934,0.70532,1.03516,0.58114,0.62545,0.12279,0.24991,Philippines,72,5.429999828,1.253917575,0.468009055,0.585214674,0.857699215
Poland,Central and Eastern Europe,60,5.791,0.04263,1.12555,1.27948,0.77903,0.53122,0.04212,0.16759,Poland,46,5.97300005,1.44571197,0.699475348,0.520342112,1.291787863
Portugal,Western Europe,88,5.102,0.04802,1.15991,1.13935,0.87519,0.51469,0.01078,0.13719,Portugal,89,5.195000172,1.367043018,0.795843542,0.4984653,1.315175295
Qatar,Middle East and Northern Africa,28,6.611,0.06257,1.69042,1.0786,0.79733,0.6404,0.52208,0.32573,Qatar,35,6.375,1.27429688,0.710098088,0.604130983,1.870765686
Romania,Central and Eastern Europe,86,5.124,0.06607,1.04345,0.88588,0.7689,0.35068,0.00649,0.13748,Romania,57,5.824999809,1.15009129,0.685158312,0.457003742,1.217683911
Russia,Central and Eastern Europe,64,5.716,0.03135,1.13764,1.23617,0.66926,0.36679,0.03005,0.00199,Russia,49,5.962999821,1.469282389,0.547349334,0.373783112,1.281778097
Rwanda,Sub-Saharan Africa,154,3.465,0.03464,0.22208,0.7737,0.42864,0.59201,0.55191,0.22628,Rwanda,151,3.470999956,0.945707023,0.326424807,0.581843853,0.368745893
Saudi Arabia,Middle East and Northern Africa,35,6.411,0.04633,1.39541,1.08393,0.72025,0.31048,0.32524,0.13706,Saudi Arabia,37,6.343999863,1.286677599,0.59014833,0.449750572,1.530623555
Senegal,Sub-Saharan Africa,142,3.904,0.03608,0.36498,0.97619,0.4354,0.36772,0.10713,0.20843,Senegal,115,4.534999847,1.179691911,0.409362853,0.377922267,0.479309022
Serbia,Central and Eastern Europe,87,5.123,0.04864,0.92053,1.00964,0.74836,0.20107,0.02617,0.19231,Serbia,73,5.394999981,1.258189797,0.650784671,0.208715528,1.069317579
Sierra Leone,Sub-Saharan Africa,123,4.507,0.07068,0.33024,0.95571,0,0.4084,0.08786,0.21488,Sierra Leone,106,4.709000111,0.984136045,0.005564754,0.318697691,0.368420929
Singapore,Southeastern Asia,24,6.798,0.0378,1.52186,1.02,1.02525,0.54252,0.4921,0.31105,Singapore,26,6.572000027,1.353814363,0.949492395,0.549840569,1.69227767
Slovakia,Central and Eastern Europe,45,5.995,0.04267,1.16891,1.26999,0.78902,0.31751,0.03431,0.16893,Slovakia,40,6.09800005,1.505059242,0.712732911,0.295817465,1.325393558
Slovenia,Central and Eastern Europe,55,5.848,0.04251,1.18498,1.27385,0.87337,0.60855,0.03787,0.25328,Slovenia,62,5.757999897,1.452518821,0.790828228,0.572575808,1.341205955
Somalia,Sub-Saharan Africa,91,5.057,0.06161,0.18847,0.95152,0.43873,0.46582,0.39928,0.50318,Somalia,93,5.151000023,0.721151352,0.113989137,0.602126956,0.022643184
South Africa,Sub-Saharan Africa,113,4.642,0.04585,0.92049,1.18468,0.27688,0.33207,0.08884,0.11973,South Africa,101,4.828999996,1.384788632,0.18708007,0.479246736,1.054698706
South Korea,Eastern Asia,47,5.984,0.04098,1.24461,0.95774,0.96538,0.33208,0.07857,0.18557,South Korea,55,5.837999821,1.128274441,0.900214076,0.257921666,1.401678443
Spain,Western Europe,36,6.329,0.03468,1.23011,1.31379,0.95562,0.45951,0.06398,0.18227,Spain,34,6.402999878,1.532090902,0.8889606,0.40878123,1.384397864
Sri Lanka,Southern Asia,132,4.271,0.03751,0.83524,1.01905,0.70806,0.53726,0.09179,0.40828,Sri Lanka,120,4.440000057,1.259976387,0.625130832,0.561213255,1.009850144
Sudan,Sub-Saharan Africa,118,4.55,0.0674,0.52107,1.01404,0.36878,0.10081,0.1466,0.19062,Sudan,130,4.138999939,1.21400857,0.290920824,0.014995855,0.659516692
Sweden,Western Europe,8,7.364,0.03157,1.33171,1.28907,0.91087,0.6598,0.43844,0.36262,Sweden,9,7.28399992,1.478162169,0.830875158,0.612924099,1.494387269
Switzerland,Western Europe,1,7.587,0.03411,1.39651,1.34951,0.94143,0.66557,0.41978,0.29678,Switzerland,4,7.493999958,1.516911745,0.858131289,0.620070577,1.564979553
Syria,Middle East and Northern Africa,156,3.006,0.05015,0.6632,0.47489,0.72193,0.15684,0.18906,0.47179,Syria,152,3.461999893,0.396102607,0.500533342,0.081539445,0.777153134
Taiwan,Eastern Asia,38,6.298,0.03868,1.29098,1.07617,0.8753,0.3974,0.08129,0.25376,Taiwan,33,6.421999931,1.384565353,0.793984234,0.361466587,1.433626533
Tajikistan,Central and Eastern Europe,106,4.786,0.03198,0.39047,0.85563,0.57379,0.47216,0.15072,0.22974,Tajikistan,96,5.040999889,1.271463275,0.529235125,0.471566707,0.524713635
Tanzania,Sub-Saharan Africa,146,3.781,0.05061,0.2852,1.00268,0.38215,0.32878,0.05747,0.34377,Tanzania,153,3.348999977,1.041989803,0.364509284,0.390017778,0.511135876
Thailand,Southeastern Asia,34,6.455,0.03557,0.9669,1.26504,0.7385,0.55664,0.03187,0.5763,Thailand,32,6.423999786,1.425792456,0.647239029,0.580200732,1.127868772
Togo,Sub-Saharan Africa,158,2.839,0.06727,0.20868,0.13995,0.28443,0.36453,0.10731,0.16681,Togo,150,3.494999886,0.43188253,0.247105569,0.380426139,0.305444717
Trinidad and Tobago,Latin America and Caribbean,41,6.168,0.10895,1.21183,1.18354,0.61483,0.55884,0.0114,0.31844,Trinidad and Tobago,38,6.168000221,1.380228519,0.519983292,0.518630743,1.361355901
Tunisia,Middle East and Northern Africa,107,4.739,0.03589,0.88113,0.60429,0.73793,0.26268,0.06358,0.06431,Tunisia,102,4.804999828,0.86835146,0.613212049,0.28968069,1.007265806
Turkey,Middle East and Northern Africa,76,5.332,0.03864,1.06098,0.94632,0.73172,0.22815,0.15746,0.12253,Turkey,69,5.5,1.337753177,0.637605608,0.3007406,1.198274374
Turkmenistan,Central and Eastern Europe,70,5.548,0.04175,0.95847,1.22668,0.53886,0.4761,0.30844,0.16979,Turkmenistan,59,5.822000027,1.493149161,0.43772608,0.418271929,1.130776763
Uganda,Sub-Saharan Africa,141,3.931,0.04317,0.21102,1.13299,0.33861,0.45727,0.07267,0.29066,Uganda,133,4.080999851,1.129827738,0.217632607,0.443185955,0.381430715
Ukraine,Central and Eastern Europe,111,4.681,0.04412,0.79907,1.20278,0.6739,0.25123,0.02961,0.15275,Ukraine,132,4.096000195,1.394537568,0.575903952,0.122974776,0.894651949
United Arab Emirates,Middle East and Northern Africa,20,6.901,0.03729,1.42727,1.12575,0.80925,0.64157,0.38583,0.26428,United Arab Emirates,21,6.647999763,1.266410232,0.726798236,0.60834527,1.626343369
United Kingdom,Western Europe,21,6.867,0.01866,1.26637,1.28548,0.90943,0.59625,0.32067,0.51912,United Kingdom,19,6.714000225,1.49646008,0.805335939,0.508190036,1.44163394
United States,North America,15,7.119,0.03839,1.39451,1.24711,0.86179,0.54604,0.1589,0.40105,United States,14,6.993000031,1.419920564,0.774286628,0.505740523,1.546259284
Uruguay,Latin America and Caribbean,32,6.485,0.04539,1.06166,1.2089,0.8116,0.60362,0.24558,0.2324,Uruguay,28,6.453999996,1.412227869,0.719216824,0.579392254,1.217559695
Uzbekistan,Central and Eastern Europe,44,6.003,0.04361,0.63244,1.34043,0.59772,0.65821,0.30826,0.22837,Uzbekistan,47,5.971000195,1.54896915,0.498272628,0.658248663,0.786441088
Venezuela,Latin America and Caribbean,23,6.81,0.06476,1.04424,1.25596,0.72052,0.42908,0.11069,0.05841,Venezuela,82,5.25,1.431337595,0.617144227,0.153997123,1.128431201
Vietnam,Southeastern Asia,75,5.36,0.03107,0.63216,0.91226,0.74676,0.59444,0.10441,0.1686,Vietnam,94,5.073999882,1.277491331,0.652168989,0.571055591,0.788547575
Yemen,Middle East and Northern Africa,136,4.077,0.04367,0.54649,0.68093,0.40064,0.35571,0.07854,0.09131,Yemen,146,3.592999935,0.935382247,0.310080916,0.249463722,0.591683447
Zambia,Sub-Saharan Africa,85,5.129,0.06988,0.47038,0.91612,0.29924,0.48827,0.12468,0.19591,Zambia,116,4.513999939,1.003187299,0.257835895,0.461603492,0.636406779
Zimbabwe,Sub-Saharan Africa,115,4.61,0.0429,0.271,1.03276,0.33475,0.25861,0.08079,0.18987,Zimbabwe,138,3.875,1.083095908,0.196763754,0.336384207,0.375846535
